f_0001_66.67_0.07.jpg,,,,,
f_0003_200.00_0.20.jpg,,,,,
f_0011_733.33_0.73.jpg,1242,440,1382,582,pin
f_0011_733.33_0.73.jpg,1550,432,1686,578,pin
f_0021_1400.00_1.40.jpg,1347,757,1468,877,pin
f_0021_1400.00_1.40.jpg,1469,755,1590,875,pin
f_0027_1800.00_1.80.jpg,1467,754,1586,871,pin
f_0027_1800.00_1.80.jpg,1356,758,1475,875,pin
f_0055_3666.67_3.67.jpg,1244,758,1364,873,pin
f_0055_3666.67_3.67.jpg,1353,758,1473,873,pin
f_0055_3666.67_3.67.jpg,1465,757,1585,872,pin
f_0060_4000.00_4.00.jpg,1245,757,1360,874,pin
f_0060_4000.00_4.00.jpg,1357,758,1472,875,pin
f_0060_4000.00_4.00.jpg,1468,756,1583,873,pin
f_0071_4733.33_4.73.jpg,1244,757,1363,873,pin
f_0071_4733.33_4.73.jpg,1355,758,1474,874,pin
f_0071_4733.33_4.73.jpg,1466,756,1585,872,pin
f_0143_9533.33_9.53.jpg,1243,756,1363,874,pin
f_0143_9533.33_9.53.jpg,1355,758,1475,876,pin
f_0143_9533.33_9.53.jpg,1467,756,1587,874,pin
f_0178_11866.67_11.87.jpg,909,756,1027,871,pin
f_0178_11866.67_11.87.jpg,1020,756,1138,871,pin
f_0178_11866.67_11.87.jpg,1134,762,1252,877,pin
f_0178_11866.67_11.87.jpg,1245,756,1363,871,pin
f_0178_11866.67_11.87.jpg,1354,758,1472,873,pin
f_0178_11866.67_11.87.jpg,1468,756,1586,871,pin
f_0193_12866.67_12.87.jpg,904,755,1027,870,pin
f_0193_12866.67_12.87.jpg,1131,763,1254,878,pin
f_0193_12866.67_12.87.jpg,1242,758,1365,873,pin
f_0193_12866.67_12.87.jpg,1351,759,1474,874,pin
f_0193_12866.67_12.87.jpg,1465,758,1588,873,pin
f_0193_12866.67_12.87.jpg,1016,757,1139,872,pin
f_0284_18933.33_18.93.jpg,682,758,795,873,pin
f_0284_18933.33_18.93.jpg,797,756,910,871,pin
f_0284_18933.33_18.93.jpg,908,754,1021,869,pin
f_0284_18933.33_18.93.jpg,1021,755,1134,870,pin
f_0284_18933.33_18.93.jpg,1134,763,1247,878,pin
f_0284_18933.33_18.93.jpg,1245,757,1358,872,pin
f_0284_18933.33_18.93.jpg,1357,759,1470,874,pin
f_0284_18933.33_18.93.jpg,1468,758,1581,873,pin
f_0288_19200.00_19.20.jpg,1469,755,1583,871,pin
f_0288_19200.00_19.20.jpg,681,757,795,873,pin
f_0288_19200.00_19.20.jpg,796,755,910,871,pin
f_0288_19200.00_19.20.jpg,910,754,1024,870,pin
f_0288_19200.00_19.20.jpg,1021,755,1135,871,pin
f_0288_19200.00_19.20.jpg,1136,762,1250,878,pin
f_0288_19200.00_19.20.jpg,1246,757,1360,873,pin
f_0288_19200.00_19.20.jpg,1357,760,1471,876,pin
f_0361_24066.67_24.07.jpg,366,760,477,871,pin
f_0361_24066.67_24.07.jpg,1470,759,1581,870,pin
f_0361_24066.67_24.07.jpg,1136,765,1247,876,pin
f_0361_24066.67_24.07.jpg,1021,756,1132,867,pin
f_0361_24066.67_24.07.jpg,911,757,1022,868,pin
f_0361_24066.67_24.07.jpg,799,758,910,869,pin
f_0361_24066.67_24.07.jpg,684,761,795,872,pin
f_0361_24066.67_24.07.jpg,578,762,689,873,pin
f_0361_24066.67_24.07.jpg,471,761,582,872,pin
f_0361_24066.67_24.07.jpg,1360,762,1471,873,pin
f_0361_24066.67_24.07.jpg,1247,759,1358,870,pin
f_0468_31200.00_31.20.jpg,1457,653,1570,758,pin
f_0468_31200.00_31.20.jpg,1020,758,1134,868,pin
f_0468_31200.00_31.20.jpg,1357,761,1471,871,pin
f_0468_31200.00_31.20.jpg,1246,762,1359,867,pin
f_0468_31200.00_31.20.jpg,1135,765,1250,877,pin
f_0468_31200.00_31.20.jpg,1468,760,1582,870,pin
f_0468_31200.00_31.20.jpg,1349,649,1463,759,pin
f_0468_31200.00_31.20.jpg,577,762,686,871,pin
f_0468_31200.00_31.20.jpg,684,760,798,870,pin
f_0468_31200.00_31.20.jpg,798,758,912,868,pin
f_0468_31200.00_31.20.jpg,909,757,1023,867,pin
f_0468_31200.00_31.20.jpg,471,762,580,871,pin
f_0468_31200.00_31.20.jpg,367,761,476,870,pin
f_0529_35266.67_35.27.jpg,1466,759,1586,873,pin
f_0529_35266.67_35.27.jpg,1457,653,1569,759,pin
f_0529_35266.67_35.27.jpg,1353,760,1473,874,pin
f_0529_35266.67_35.27.jpg,1348,658,1460,764,pin
f_0529_35266.67_35.27.jpg,1240,645,1352,751,pin
f_0529_35266.67_35.27.jpg,1136,663,1248,769,pin
f_0529_35266.67_35.27.jpg,1247,759,1359,872,pin
f_0529_35266.67_35.27.jpg,1135,765,1247,878,pin
f_0529_35266.67_35.27.jpg,1021,756,1133,869,pin
f_0529_35266.67_35.27.jpg,911,755,1023,868,pin
f_0529_35266.67_35.27.jpg,799,756,911,869,pin
f_0529_35266.67_35.27.jpg,684,759,796,872,pin
f_0529_35266.67_35.27.jpg,576,760,688,873,pin
f_0529_35266.67_35.27.jpg,470,759,582,872,pin
f_0529_35266.67_35.27.jpg,366,757,478,870,pin
f_0579_38600.00_38.60.jpg,1466,758,1584,873,pin
f_0579_38600.00_38.60.jpg,1455,650,1571,759,pin
f_0579_38600.00_38.60.jpg,1347,657,1463,766,pin
f_0579_38600.00_38.60.jpg,1237,643,1353,752,pin
f_0579_38600.00_38.60.jpg,1356,762,1472,871,pin
f_0579_38600.00_38.60.jpg,1245,760,1361,869,pin
f_0579_38600.00_38.60.jpg,1135,767,1251,876,pin
f_0579_38600.00_38.60.jpg,1133,662,1249,771,pin
f_0579_38600.00_38.60.jpg,1021,649,1137,758,pin
f_0579_38600.00_38.60.jpg,1019,758,1135,867,pin
f_0579_38600.00_38.60.jpg,908,758,1024,867,pin
f_0579_38600.00_38.60.jpg,914,654,1026,759,pin
f_0579_38600.00_38.60.jpg,797,755,912,868,pin
f_0579_38600.00_38.60.jpg,682,759,797,872,pin
f_0579_38600.00_38.60.jpg,578,763,687,872,pin
f_0579_38600.00_38.60.jpg,470,762,579,871,pin
f_0579_38600.00_38.60.jpg,366,761,475,870,pin
f_0662_44133.33_44.13.jpg,1466,759,1584,872,pin
f_0662_44133.33_44.13.jpg,1456,651,1570,757,pin
f_0662_44133.33_44.13.jpg,1348,659,1462,765,pin
f_0662_44133.33_44.13.jpg,1357,762,1471,874,pin
f_0662_44133.33_44.13.jpg,1247,759,1361,871,pin
f_0662_44133.33_44.13.jpg,1240,645,1351,750,pin
f_0662_44133.33_44.13.jpg,1136,663,1247,768,pin
f_0662_44133.33_44.13.jpg,1136,767,1248,880,pin
f_0662_44133.33_44.13.jpg,1022,756,1134,869,pin
f_0662_44133.33_44.13.jpg,1023,650,1134,756,pin
f_0662_44133.33_44.13.jpg,916,653,1027,759,pin
f_0662_44133.33_44.13.jpg,912,758,1023,864,pin
f_0662_44133.33_44.13.jpg,799,761,910,867,pin
f_0662_44133.33_44.13.jpg,684,762,795,868,pin
f_0662_44133.33_44.13.jpg,576,764,687,870,pin
f_0662_44133.33_44.13.jpg,471,763,582,869,pin
f_0662_44133.33_44.13.jpg,365,763,476,869,pin
f_0700_46666.67_46.67.jpg,1466,759,1583,872,pin
f_0700_46666.67_46.67.jpg,1457,654,1569,757,pin
f_0700_46666.67_46.67.jpg,1348,660,1460,763,pin
f_0700_46666.67_46.67.jpg,1357,763,1471,874,pin
f_0700_46666.67_46.67.jpg,1246,760,1360,871,pin
f_0700_46666.67_46.67.jpg,1241,646,1354,752,pin
f_0700_46666.67_46.67.jpg,1134,663,1247,769,pin
f_0700_46666.67_46.67.jpg,1134,768,1250,878,pin
f_0700_46666.67_46.67.jpg,1020,758,1136,868,pin
f_0700_46666.67_46.67.jpg,1023,650,1134,757,pin
f_0700_46666.67_46.67.jpg,916,654,1027,761,pin
f_0700_46666.67_46.67.jpg,912,759,1023,866,pin
f_0700_46666.67_46.67.jpg,802,656,913,763,pin
f_0700_46666.67_46.67.jpg,799,758,910,865,pin
f_0700_46666.67_46.67.jpg,693,652,804,759,pin
f_0700_46666.67_46.67.jpg,685,763,796,870,pin
f_0700_46666.67_46.67.jpg,578,764,689,871,pin
f_0700_46666.67_46.67.jpg,471,763,582,870,pin
f_0700_46666.67_46.67.jpg,366,762,477,869,pin
f_3885_259000.00_259.00.jpg,900,127,991,205,pin
f_3885_259000.00_259.00.jpg,992,125,1083,203,pin
f_3885_259000.00_259.00.jpg,1081,131,1172,209,pin
f_3885_259000.00_259.00.jpg,1175,137,1266,210,pin
f_3885_259000.00_259.00.jpg,1270,123,1361,196,pin
f_3885_259000.00_259.00.jpg,1372,128,1463,201,pin
f_3885_259000.00_259.00.jpg,1378,208,1475,288,pin
f_3885_259000.00_259.00.jpg,1277,209,1374,289,pin
f_3885_259000.00_259.00.jpg,1183,210,1280,290,pin
f_3885_259000.00_259.00.jpg,1087,213,1184,293,pin
f_3885_259000.00_259.00.jpg,995,216,1092,296,pin
f_3885_259000.00_259.00.jpg,905,209,1002,289,pin
f_3885_259000.00_259.00.jpg,811,207,908,287,pin
f_3885_259000.00_259.00.jpg,722,213,819,293,pin
f_3885_259000.00_259.00.jpg,633,210,725,288,pin
f_3885_259000.00_259.00.jpg,546,212,638,290,pin
f_3885_259000.00_259.00.jpg,454,213,546,291,pin
f_3885_259000.00_259.00.jpg,1387,288,1484,371,pin
f_3885_259000.00_259.00.jpg,1289,286,1386,369,pin
f_3885_259000.00_259.00.jpg,1191,292,1288,375,pin
f_3885_259000.00_259.00.jpg,1095,291,1192,374,pin
f_3885_259000.00_259.00.jpg,1001,298,1098,381,pin
f_3885_259000.00_259.00.jpg,906,291,1003,374,pin
f_3885_259000.00_259.00.jpg,813,291,910,374,pin
f_3885_259000.00_259.00.jpg,721,295,818,378,pin
f_3885_259000.00_259.00.jpg,630,301,724,383,pin
f_3885_259000.00_259.00.jpg,536,296,630,378,pin
f_3885_259000.00_259.00.jpg,446,296,540,378,pin
f_3885_259000.00_259.00.jpg,1401,369,1501,456,pin
f_3885_259000.00_259.00.jpg,1304,373,1404,460,pin
f_3885_259000.00_259.00.jpg,1204,374,1304,461,pin
f_3885_259000.00_259.00.jpg,1108,370,1208,457,pin
f_3885_259000.00_259.00.jpg,1011,379,1111,466,pin
f_3885_259000.00_259.00.jpg,914,378,1014,465,pin
f_3885_259000.00_259.00.jpg,818,380,918,467,pin
f_3885_259000.00_259.00.jpg,724,378,820,463,pin
f_3885_259000.00_259.00.jpg,627,379,723,464,pin
f_3885_259000.00_259.00.jpg,535,374,631,459,pin
f_3885_259000.00_259.00.jpg,441,372,537,457,pin
f_3885_259000.00_259.00.jpg,1417,456,1521,547,pin
f_3885_259000.00_259.00.jpg,1316,458,1420,549,pin
f_3885_259000.00_259.00.jpg,1217,465,1321,556,pin
f_3885_259000.00_259.00.jpg,1117,455,1221,546,pin
f_3885_259000.00_259.00.jpg,1016,467,1120,558,pin
f_3885_259000.00_259.00.jpg,916,468,1020,559,pin
f_3885_259000.00_259.00.jpg,816,475,920,566,pin
f_3885_259000.00_259.00.jpg,721,461,821,550,pin
f_3885_259000.00_259.00.jpg,623,462,723,551,pin
f_3885_259000.00_259.00.jpg,525,458,625,547,pin
f_3885_259000.00_259.00.jpg,425,468,524,555,pin
f_3885_259000.00_259.00.jpg,1439,550,1543,646,pin
f_3885_259000.00_259.00.jpg,1335,558,1439,654,pin
f_3885_259000.00_259.00.jpg,1231,554,1335,650,pin
f_3885_259000.00_259.00.jpg,1128,551,1232,647,pin
f_3885_259000.00_259.00.jpg,1026,559,1130,655,pin
f_3885_259000.00_259.00.jpg,922,558,1025,653,pin
f_3885_259000.00_259.00.jpg,815,563,918,658,pin
f_3885_259000.00_259.00.jpg,612,549,715,644,pin
f_3885_259000.00_259.00.jpg,505,556,608,651,pin
f_3885_259000.00_259.00.jpg,401,553,504,648,pin
f_3885_259000.00_259.00.jpg,1457,654,1565,756,pin
f_3885_259000.00_259.00.jpg,1351,660,1459,762,pin
f_3885_259000.00_259.00.jpg,1243,649,1351,751,pin
f_3885_259000.00_259.00.jpg,1137,665,1245,767,pin
f_3885_259000.00_259.00.jpg,1028,654,1136,756,pin
f_3885_259000.00_259.00.jpg,919,655,1027,757,pin
f_3885_259000.00_259.00.jpg,804,657,912,759,pin
f_3885_259000.00_259.00.jpg,694,655,802,757,pin
f_3885_259000.00_259.00.jpg,586,650,694,752,pin
f_3885_259000.00_259.00.jpg,484,655,587,754,pin
f_3885_259000.00_259.00.jpg,376,662,479,761,pin
f_3885_259000.00_259.00.jpg,1468,759,1580,869,pin
f_3885_259000.00_259.00.jpg,1357,761,1469,871,pin
f_3885_259000.00_259.00.jpg,1247,758,1359,868,pin
f_3885_259000.00_259.00.jpg,1137,766,1249,876,pin
f_3885_259000.00_259.00.jpg,1023,756,1135,866,pin
f_3885_259000.00_259.00.jpg,913,756,1025,866,pin
f_3885_259000.00_259.00.jpg,801,758,911,865,pin
f_3885_259000.00_259.00.jpg,686,760,796,867,pin
f_3885_259000.00_259.00.jpg,579,761,687,868,pin
f_3885_259000.00_259.00.jpg,472,761,580,868,pin
f_3885_259000.00_259.00.jpg,363,763,471,870,pin
f_3937_262466.67_262.47.jpg,806,132,900,208,pin
f_3937_262466.67_262.47.jpg,902,129,991,204,pin
f_3937_262466.67_262.47.jpg,990,128,1083,204,pin
f_3937_262466.67_262.47.jpg,1079,133,1172,209,pin
f_3937_262466.67_262.47.jpg,1173,136,1266,212,pin
f_3937_262466.67_262.47.jpg,1269,120,1362,196,pin
f_3937_262466.67_262.47.jpg,1380,210,1473,286,pin
f_3937_262466.67_262.47.jpg,447,298,540,374,pin
f_3937_262466.67_262.47.jpg,629,302,725,382,pin
f_3937_262466.67_262.47.jpg,539,298,632,374,pin
f_3937_262466.67_262.47.jpg,1278,211,1371,287,pin
f_3937_262466.67_262.47.jpg,1185,210,1278,286,pin
f_3937_262466.67_262.47.jpg,1089,216,1182,292,pin
f_3937_262466.67_262.47.jpg,997,219,1090,295,pin
f_3937_262466.67_262.47.jpg,906,210,999,286,pin
f_3937_262466.67_262.47.jpg,813,209,906,285,pin
f_3937_262466.67_262.47.jpg,722,215,815,291,pin
f_3937_262466.67_262.47.jpg,634,213,727,289,pin
f_3937_262466.67_262.47.jpg,546,213,639,289,pin
f_3937_262466.67_262.47.jpg,454,214,547,290,pin
f_3937_262466.67_262.47.jpg,1371,126,1464,202,pin
f_3937_262466.67_262.47.jpg,1388,288,1484,368,pin
f_3937_262466.67_262.47.jpg,1290,288,1386,368,pin
f_3937_262466.67_262.47.jpg,1192,293,1288,373,pin
f_3937_262466.67_262.47.jpg,1097,293,1193,373,pin
f_3937_262466.67_262.47.jpg,1003,298,1099,378,pin
f_3937_262466.67_262.47.jpg,907,292,1003,372,pin
f_3937_262466.67_262.47.jpg,816,292,912,372,pin
f_3937_262466.67_262.47.jpg,722,295,818,375,pin
f_3937_262466.67_262.47.jpg,440,373,540,459,pin
f_3937_262466.67_262.47.jpg,1399,368,1501,458,pin
f_3937_262466.67_262.47.jpg,1012,379,1112,465,pin
f_3937_262466.67_262.47.jpg,914,378,1014,464,pin
f_3937_262466.67_262.47.jpg,817,380,917,466,pin
f_3937_262466.67_262.47.jpg,721,377,821,463,pin
f_3937_262466.67_262.47.jpg,627,379,727,465,pin
f_3937_262466.67_262.47.jpg,534,374,634,460,pin
f_3937_262466.67_262.47.jpg,1303,373,1405,463,pin
f_3937_262466.67_262.47.jpg,1206,373,1308,463,pin
f_3937_262466.67_262.47.jpg,1109,367,1211,457,pin
f_3937_262466.67_262.47.jpg,424,467,526,557,pin
f_3937_262466.67_262.47.jpg,1025,558,1131,657,pin
f_3937_262466.67_262.47.jpg,1417,457,1519,547,pin
f_3937_262466.67_262.47.jpg,1317,459,1419,549,pin
f_3937_262466.67_262.47.jpg,1219,465,1321,555,pin
f_3937_262466.67_262.47.jpg,1117,456,1219,546,pin
f_3937_262466.67_262.47.jpg,1015,466,1117,556,pin
f_3937_262466.67_262.47.jpg,918,470,1020,560,pin
f_3937_262466.67_262.47.jpg,818,475,920,565,pin
f_3937_262466.67_262.47.jpg,720,460,822,550,pin
f_3937_262466.67_262.47.jpg,624,463,726,553,pin
f_3937_262466.67_262.47.jpg,523,459,625,549,pin
f_3937_262466.67_262.47.jpg,923,554,1026,656,pin
f_3937_262466.67_262.47.jpg,816,560,923,665,pin
f_3937_262466.67_262.47.jpg,714,554,817,656,pin
f_3937_262466.67_262.47.jpg,613,547,716,649,pin
f_3937_262466.67_262.47.jpg,505,553,608,655,pin
f_3937_262466.67_262.47.jpg,402,551,505,653,pin
f_3937_262466.67_262.47.jpg,1125,548,1235,651,pin
f_3937_262466.67_262.47.jpg,1230,552,1340,655,pin
f_3937_262466.67_262.47.jpg,1333,555,1443,658,pin
f_3937_262466.67_262.47.jpg,1435,548,1545,651,pin
f_3937_262466.67_262.47.jpg,1454,651,1568,760,pin
f_3937_262466.67_262.47.jpg,1348,657,1462,766,pin
f_3937_262466.67_262.47.jpg,1239,646,1353,755,pin
f_3937_262466.67_262.47.jpg,1136,662,1250,771,pin
f_3937_262466.67_262.47.jpg,1024,652,1138,761,pin
f_3937_262466.67_262.47.jpg,918,654,1032,763,pin
f_3937_262466.67_262.47.jpg,802,656,915,762,pin
f_3937_262466.67_262.47.jpg,692,654,805,760,pin
f_3937_262466.67_262.47.jpg,584,648,697,754,pin
f_3937_262466.67_262.47.jpg,479,653,592,759,pin
f_3937_262466.67_262.47.jpg,370,659,483,765,pin
f_3937_262466.67_262.47.jpg,362,762,474,872,pin
f_3937_262466.67_262.47.jpg,471,759,583,869,pin
f_3937_262466.67_262.47.jpg,577,760,691,871,pin
f_3937_262466.67_262.47.jpg,682,759,796,870,pin
f_3937_262466.67_262.47.jpg,800,756,914,867,pin
f_3937_262466.67_262.47.jpg,911,755,1025,866,pin
f_3937_262466.67_262.47.jpg,1022,756,1136,867,pin
f_3937_262466.67_262.47.jpg,1134,766,1248,877,pin
f_3937_262466.67_262.47.jpg,1243,757,1362,870,pin
f_3937_262466.67_262.47.jpg,1353,761,1472,874,pin
f_3937_262466.67_262.47.jpg,1465,758,1584,871,pin
